<?xml version="1.0" encoding="UTF-8"?>
<project-private xmlns="http://www.netbeans.org/ns/project-private/1">
    <editor-bookmarks xmlns="http://www.netbeans.org/ns/editor-bookmarks/2" lastBookmarkId="0"/>
    <open-files xmlns="http://www.netbeans.org/ns/projectui-open-files/2">
        <group>
            <file>file:/C:/Users/RUSHABH/Documents/NetBeansProjects/MyProject/web/addpost.jsp</file>
            <file>file:/C:/Users/RUSHABH/Documents/NetBeansProjects/MyProject/web/postadded.jsp</file>
            <file>file:/C:/Users/RUSHABH/Documents/NetBeansProjects/MyProject/web/home.jsp</file>
            <file>file:/C:/Users/RUSHABH/Documents/NetBeansProjects/MyProject/src/java/checker/RegistrationChecker.java</file>
            <file>file:/C:/Users/RUSHABH/Documents/NetBeansProjects/MyProject/web/login.jsp</file>
            <file>file:/C:/Users/RUSHABH/Documents/NetBeansProjects/MyProject/src/java/javaFiles/Logout.java</file>
            <file>file:/C:/Users/RUSHABH/Documents/NetBeansProjects/MyProject/src/java/auth/LoginAuth.java</file>
            <file>file:/C:/Users/RUSHABH/Documents/NetBeansProjects/MyProject/src/java/javaFiles/User.java</file>
            <file>file:/C:/Users/RUSHABH/Documents/NetBeansProjects/MyProject/src/java/checker/LoginChecker.java</file>
            <file>file:/C:/Users/RUSHABH/Documents/NetBeansProjects/MyProject/src/java/javaFiles/UserDAO.java</file>
            <file>file:/C:/Users/RUSHABH/Documents/NetBeansProjects/MyProject/web/index.jsp</file>
            <file>file:/C:/Users/RUSHABH/Documents/NetBeansProjects/MyProject/web/signupfailed.jsp</file>
            <file>file:/C:/Users/RUSHABH/Documents/NetBeansProjects/MyProject/src/java/auth/RegistrationAuth.java</file>
            <file>file:/C:/Users/RUSHABH/Documents/NetBeansProjects/MyProject/src/java/javaFiles/AddPostInDB.java</file>
            <file>file:/C:/Users/RUSHABH/Documents/NetBeansProjects/MyProject/web/signup.jsp</file>
            <file>file:/C:/Users/RUSHABH/Documents/NetBeansProjects/MyProject/src/java/database/DBConnector.java</file>
            <file>file:/C:/Users/RUSHABH/Documents/NetBeansProjects/MyProject/web/header.jsp</file>
        </group>
    </open-files>
</project-private>
